{"train/dataloading_s":0.24141768269706518,"train/l1_loss":0.162815123796463,"train/lr":1.0000000000000021e-05,"train/episodes":211.9205298013245,"_runtime":1965.024863334,"_timestamp":1.7650406273804605e+09,"train/update_s":0.2251079035596922,"train/kld_loss":0.06563954800367355,"train/grad_norm":24.544329376220702,"train/loss":0.9213349562883377,"_wandb":{"runtime":1965},"_step":1000,"train/steps":1000,"train/samples":64000,"train/epochs":42.384105960264904}